Scan Date,Original Domain,Permutation,Fuzzer Type,Risk Score,URLScan Status,CT Logs,HTTP Status,Created Date,Updated Date,Expires Date,Registrant,Organization,Registrar,Emails,Country,Status,Name Servers,IP Addresses,Mail Servers,Recent
2025-10-22,eff.org,effh.org,addition,40,Clean (0) - https://urlscan.io/result/019a0f29-8626-7138-93a6-61d09cb2cc66/,64 cert(s),HTTPS: 200,2024-11-22,2024-11-27,2025-11-22,,,"HOSTINGER operations, UAB",abuse@hostinger.com,,clientTransferProhibited https://icann.org/epp#clientTransferProhibited,"ns1.dns-parking.com, ns2.dns-parking.com",145.223.77.62,mx1.hostinger.com,No
2025-10-22,eff.org,effu.org,addition,35,Clean (0) - https://urlscan.io/result/019a0ede-7524-769c-b198-106c377144f9/,4 cert(s),HTTP: 404,"2019-01-17, 2019-01-17","2024-01-13, 2024-01-08","2026-01-17, 2026-01-17",Redacted for Privacy,Privacy service provided by Withheld for Privacy ehf,NAMECHEAP INC,"abuse@namecheap.com, 7f079307da8f44a78cb2147aeb3bb0a3.protect@withheldforprivacy.com",IS,clientTransferProhibited https://icann.org/epp#clientTransferProhibited,"ns1.messagingengine.com, ns2.messagingengine.com",103.168.172.37,in1-smtp.messagingengine.com,No
2025-10-22,eff.org,effa.org,addition,35,Clean (0) - https://urlscan.io/result/019a0ede-7281-757e-9066-b5a9cbc84569/,9 cert(s),HTTPS: 200,1997-12-31,2025-02-13,2025-12-30,,,"Network Solutions, LLC",domain.operations@web.com,,clientTransferProhibited https://icann.org/epp#clientTransferProhibited,"ns1.afternic.com, ns2.afternic.com",13.248.169.48,,No
2025-10-22,eff.org,effe.org,addition,35,Clean (0) - https://urlscan.io/result/019a0ede-726a-729f-bff7-22f0f044129d/,8 cert(s),HTTPS: 200,2003-08-02,2025-09-16,2026-08-02,,,GoDaddy Online Services Cayman Islands Ltd.,abuse@uniregistry.com,,"['clientDeleteProhibited https://icann.org/epp#clientDeleteProhibited', 'clientRenewProhibited https://icann.org/epp#clientRenewProhibited', 'clientTransferProhibited https://icann.org/epp#clientTransferProhibited', 'clientUpdateProhibited https://icann.org/epp#clientUpdateProhibited']","ns1.afternic.com, ns2.afternic.com",13.248.169.48,,No
2025-10-22,eff.org,effn.org,addition,35,Clean (0) - https://urlscan.io/result/019a0ede-71b8-75cb-b8c4-a2ee44add7c0/,51 cert(s),HTTPS: 200,2025-05-11,2025-09-16,2026-05-11,,,Dynadot Inc,abuse@dynadot.com,,clientTransferProhibited https://icann.org/epp#clientTransferProhibited,"ns1.afternic.com, ns2.afternic.com, verification-ndzevshmc6qrwu5uexsxir.ns101.verify.hn",13.248.169.48,,No
2025-10-22,eff.org,effx.org,addition,35,Clean (0) - https://urlscan.io/result/019a0ede-7049-727e-bb75-d35c5baf1b63/,15 cert(s),HTTPS: 200,2018-03-19,2025-04-19,2027-03-19,,,"GoDaddy.com, LLC",abuse@godaddy.com,,"['clientDeleteProhibited https://icann.org/epp#clientDeleteProhibited', 'clientRenewProhibited https://icann.org/epp#clientRenewProhibited', 'clientTransferProhibited https://icann.org/epp#clientTransferProhibited', 'clientUpdateProhibited https://icann.org/epp#clientUpdateProhibited']","ns5.afternic.com, ns6.afternic.com",13.248.169.48,,No
2025-10-22,eff.org,effo.org,addition,35,Clean (0) - https://urlscan.io/result/019a0ede-7004-70cf-bfa0-5e7112302cb0/,8 cert(s),HTTPS: 200,2020-10-30,2024-12-14,2025-10-30,,,"GoDaddy.com, LLC",abuse@godaddy.com,,"['clientDeleteProhibited https://icann.org/epp#clientDeleteProhibited', 'clientRenewProhibited https://icann.org/epp#clientRenewProhibited', 'clientTransferProhibited https://icann.org/epp#clientTransferProhibited', 'clientUpdateProhibited https://icann.org/epp#clientUpdateProhibited']","ns39.domaincontrol.com, ns40.domaincontrol.com",15.197.148.33,,No
2025-10-22,eff.org,effw.org,addition,35,Clean (0) - https://urlscan.io/result/019a0ede-e401-7158-a00e-0fe304ba0dbe/,6 cert(s),HTTPS: 200,2008-03-06,2025-04-20,2028-03-06,,,"GoDaddy.com, LLC",abuse@godaddy.com,,"['clientDeleteProhibited https://icann.org/epp#clientDeleteProhibited', 'clientRenewProhibited https://icann.org/epp#clientRenewProhibited', 'clientTransferProhibited https://icann.org/epp#clientTransferProhibited', 'clientUpdateProhibited https://icann.org/epp#clientUpdateProhibited']","ns53.domaincontrol.com, ns54.domaincontrol.com",15.197.148.33,effw.org.mx1.fulcrumgroup.rcimx.net,No
2025-10-22,eff.org,effg.org,addition,30,Clean (0) - https://urlscan.io/result/019a0ede-e3eb-75f6-9721-2fc3c4dbbfdd/,timeout,HTTPS: 200,2015-02-04,2025-03-21,2026-02-04,,,"DreamHost, LLC",domain-abuse@dreamhost.com,,clientTransferProhibited https://icann.org/epp#clientTransferProhibited,"ns1.dreamhost.com, ns2.dreamhost.com, ns3.dreamhost.com",173.236.142.191,mx1.dreamhost.com,No
2025-10-22,eff.org,effi.org,addition,30,Clean (0) - https://urlscan.io/result/019a0ede-e401-7158-a00e-096c7396b10d/,timeout,HTTPS: 200,2001-09-06,2025-06-03,2028-09-06,,,Gandi SAS,abuse@support.gandi.net,,clientTransferProhibited https://icann.org/epp#clientTransferProhibited,"ns-2-a.gandi.net, ns-33-b.gandi.net, ns-82-c.gandi.net",185.185.169.228,,No
2025-10-22,eff.org,effd.org,addition,30,Clean (0) - https://urlscan.io/result/019a0ede-e757-708f-beff-3d9db795509f/,timeout,HTTPS: 200,2003-07-02,2025-08-16,2026-07-02,,,"GoDaddy.com, LLC",abuse@godaddy.com,,"['clientDeleteProhibited https://icann.org/epp#clientDeleteProhibited', 'clientRenewProhibited https://icann.org/epp#clientRenewProhibited', 'clientTransferProhibited https://icann.org/epp#clientTransferProhibited', 'clientUpdateProhibited https://icann.org/epp#clientUpdateProhibited']","ns53.domaincontrol.com, ns54.domaincontrol.com",192.124.249.7,alt1.aspmx.l.google.com,No
2025-10-22,eff.org,effp.org,addition,30,Clean (0) - https://urlscan.io/result/019a0ede-e22f-72a9-ae63-f3d67c8b6b11/,timeout,HTTP: 200,"2021-07-08, 2021-07-08","2024-06-13, 2024-06-08","2031-07-08, 2031-07-08",Redacted for Privacy,Privacy service provided by Withheld for Privacy ehf,NAMECHEAP INC,"abuse@namecheap.com, cdee6fecd59340bea9c50c370d25aac1.protect@withheldforprivacy.com",IS,clientTransferProhibited https://icann.org/epp#clientTransferProhibited,"dns1.registrar-servers.com, dns2.registrar-servers.com",192.64.119.186,mail.protonmail.ch,No
2025-10-22,eff.org,efft.org,addition,30,Clean (0) - https://urlscan.io/result/019a0ede-e41e-7254-91fb-c9f53280e0ac/,timeout,HTTPS: 200,2018-05-17,2025-02-23,2026-05-17,,,"GoDaddy.com, LLC",abuse@godaddy.com,,"['clientDeleteProhibited https://icann.org/epp#clientDeleteProhibited', 'clientRenewProhibited https://icann.org/epp#clientRenewProhibited', 'clientTransferProhibited https://icann.org/epp#clientTransferProhibited', 'clientUpdateProhibited https://icann.org/epp#clientUpdateProhibited']","ns71.domaincontrol.com, ns72.domaincontrol.com",52.37.117.203,alt1.aspmx.l.google.com,No
2025-10-22,eff.org,effc.org,addition,30,Clean (0) - https://urlscan.io/result/019a0ede-e3eb-75f6-9721-296611a66a39/,http_429,HTTPS: 200,1998-08-13,"2025-08-15, 2025-08-10",2026-08-12,REDACTED FOR PRIVACY,REDACTED FOR PRIVACY,"TUCOWS DOMAINS, INC.","domainabuse@tucows.com, dnsmaster@zen.co.uk",GB,ok https://icann.org/epp#ok,"ns0.zen.co.uk, ns1.zen.co.uk",80.87.129.95,effc-org.mail.protection.outlook.com,No
2025-10-22,eff.org,effs.org,addition,30,Clean (0) - https://urlscan.io/result/019a0ede-e313-768b-9dca-8d47edc552d9/,http_429,HTTPS: 200,2000-04-17,2025-07-24,2026-04-17,,,"Ascio Technologies, Inc. Danmark - Filial af Ascio technologies, Inc. USA",abuse@ascio.com,,ok https://icann.org/epp#ok,"ns1.nameservice.at, ns2.nameservice.at",83.65.2.30,mx.mymagenta.business,No
2025-10-22,eff.org,efn.org,bitsquatting,30,Clean (0) - https://urlscan.io/result/019a0edf-7f0d-71cb-9415-fb1b2dbec4f7/,http_429,HTTP: 200,1993-04-05,2025-03-13,2026-04-06,,,"eNom, LLC",abuse@enom.com,,clientTransferProhibited https://icann.org/epp#clientTransferProhibited,"ns1.peak.org, ns2.peak.org",104.168.142.100,efn-org.mx.av-mx.com,No
2025-10-22,eff.org,efb.org,bitsquatting,30,Clean (0) - https://urlscan.io/result/019a0edf-7de8-7303-ab52-b42aa5c59eb8/,http_429,HTTPS: 200,1998-09-13,2025-08-28,2026-09-12,,,"GoDaddy.com, LLC",abuse@godaddy.com,,"['clientDeleteProhibited https://icann.org/epp#clientDeleteProhibited', 'clientRenewProhibited https://icann.org/epp#clientRenewProhibited', 'clientTransferProhibited https://icann.org/epp#clientTransferProhibited', 'clientUpdateProhibited https://icann.org/epp#clientUpdateProhibited']","ns49.domaincontrol.com, ns50.domaincontrol.com",15.197.225.128,,No
2025-10-22,eff.org,efv.org,bitsquatting,30,Clean (0) - https://urlscan.io/result/019a0edf-7dcf-70c5-b569-1ee87747ed32/,http_429,HTTPS: 200,2003-04-23,2025-04-08,2026-04-23,,,"GoDaddy.com, LLC",abuse@godaddy.com,,"['clientDeleteProhibited https://icann.org/epp#clientDeleteProhibited', 'clientRenewProhibited https://icann.org/epp#clientRenewProhibited', 'clientTransferProhibited https://icann.org/epp#clientTransferProhibited', 'clientUpdateProhibited https://icann.org/epp#clientUpdateProhibited']","ns49.domaincontrol.com, ns50.domaincontrol.com",15.197.225.128,,No
2025-10-22,eff.org,evf.org,bitsquatting,30,Clean (0) - https://urlscan.io/result/019a0edf-7e17-7768-8bf4-5920ed3eff5b/,http_429,HTTPS: 200,2001-01-25,2025-01-10,2026-01-25,,,"GoDaddy.com, LLC",abuse@godaddy.com,,"['clientDeleteProhibited https://icann.org/epp#clientDeleteProhibited', 'clientRenewProhibited https://icann.org/epp#clientRenewProhibited', 'clientTransferProhibited https://icann.org/epp#clientTransferProhibited', 'clientUpdateProhibited https://icann.org/epp#clientUpdateProhibited']","ns49.domaincontrol.com, ns50.domaincontrol.com",15.197.225.128,,No
2025-10-22,eff.org,edf.org,bitsquatting,30,Clean (0) - https://urlscan.io/result/019a0edf-7c69-73e3-b8fe-2f7e98269e72/,http_429,HTTPS: 200,1991-08-27,2025-07-02,2026-08-26,,,"Network Solutions, LLC",domain.operations@web.com,,clientTransferProhibited https://icann.org/epp#clientTransferProhibited,"ns3-06.azure-dns.org, ns1-06.azure-dns.com, ns2-06.azure-dns.net, ns4-06.azure-dns.info",151.101.194.216,edf-org.mail.protection.outlook.com,No
2025-10-22,eff.org,ebf.org,bitsquatting,30,Clean (0) - https://urlscan.io/result/019a0edf-7ec8-7669-a964-986c4e7acf9f/,http_429,HTTPS: 200,1997-05-14,"2024-06-20, 2024-06-20",2026-05-15,"PERFECT PRIVACY, LLC",,"Network Solutions, LLC","domain.operations@web.com, h63rh6c3942@networksolutionsprivateregistration.com",US,clientTransferProhibited https://icann.org/epp#clientTransferProhibited,"ns2.wixdns.net, ns3.wixdns.net",185.230.63.107,alt1.aspmx.l.google.com,No
2025-10-22,eff.org,aff.org,bitsquatting,30,Clean (0) - https://urlscan.io/result/019a0edf-7df0-75c7-b77a-eea04c429cbc/,http_429,HTTP: 200,"1996-12-03, 1996-12-03","2025-07-17, 2024-11-17",2025-12-02,REDACTED FOR PRIVACY,,Squarespace Domains II LLC,abuse-complaints@squarespace.com,US,"['clientDeleteProhibited https://icann.org/epp#clientDeleteProhibited', 'clientTransferProhibited https://icann.org/epp#clientTransferProhibited', 'client delete prohibited http://www.icann.org/epp#client delete prohibited', 'client transfer prohibited http://www.icann.org/epp#client transfer prohibited']","ns-cloud-b1.googledomains.com, ns-cloud-b4.googledomains.com, ns-cloud-b2.googledomains.com, ns-cloud-b3.googledomains.com",198.185.159.145,alt1.aspmx.l.google.com,No
2025-10-22,eff.org,mff.org,bitsquatting,30,Clean (0) - https://urlscan.io/result/019a0ee0-04ff-77f8-868e-a897070df9d6/,http_429,HTTPS: 200,1996-03-06,"2021-01-12, 2021-01-12",2026-03-07,"PERFECT PRIVACY, LLC",,"Register.com - Network Solutions, LLC","domain.operations@web.com, a92ax4fd794@networksolutionsprivateregistration.com",US,clientTransferProhibited https://icann.org/epp#clientTransferProhibited,"ns-1503.awsdns-59.org, ns-1706.awsdns-21.co.uk, ns-261.awsdns-32.com, ns-592.awsdns-10.net",34.238.11.122,mxa-001b2501.gslb.pphosted.com,No
2025-10-22,eff.org,gff.org,bitsquatting,30,Clean (0) - https://urlscan.io/result/019a0ee0-055b-768d-800e-5ba9486c052e/,http_429,HTTP: 403,2003-04-23,2025-04-24,2026-04-23,,,"CSC Corporate Domains, Inc.",domainabuse@cscglobal.com,,clientTransferProhibited https://icann.org/epp#clientTransferProhibited,"dns1.p04.nsone.net, dns2.p04.nsone.net, dns3.p04.nsone.net, dns4.p04.nsone.net",75.2.33.211,mx1.hc2314-6.iphmx.com,No
2025-10-22,eff.org,efd.org,bitsquatting,30,Clean (0) - https://urlscan.io/result/019a0ee0-0cb0-71e9-b257-17dd559356a3/,http_429,HTTPS: 200,1999-11-26,2025-09-09,2025-11-26,,,IONOS SE,abuse@ionos.com,,clientTransferProhibited https://icann.org/epp#clientTransferProhibited,"ns1.livedns.co.uk, ns2.livedns.co.uk, ns3.livedns.co.uk",77.68.64.46,mailserver.efd.org,No
2025-10-22,eff.org,cff.org,homoglyph,30,Clean (0) - https://urlscan.io/result/0199e955-f420-768a-b119-8ac0c20f0c85/,http_429,HTTPS: 403,1996-08-13,"2025-06-20, 2025-06-15",2030-08-12,,,"Network Solutions, LLC","domain.operations@web.com, hostmaster@cff.org",US,clientTransferProhibited https://icann.org/epp#clientTransferProhibited,"ns-1273.awsdns-31.org, ns-1692.awsdns-19.co.uk, ns-183.awsdns-22.com, ns-823.awsdns-38.net",151.101.1.193,,No
2025-10-22,eff.org,efgf.org,insertion,30,Clean (0) - https://urlscan.io/result/019a0ee0-ba86-760b-9837-26852093f1ea/,timeout,HTTPS: 200,2024-09-23,2024-09-28,2027-09-23,,,"GoDaddy.com, LLC",abuse@godaddy.com,,"['clientDeleteProhibited https://icann.org/epp#clientDeleteProhibited', 'clientRenewProhibited https://icann.org/epp#clientRenewProhibited', 'clientTransferProhibited https://icann.org/epp#clientTransferProhibited', 'clientUpdateProhibited https://icann.org/epp#clientUpdateProhibited']","ns63.domaincontrol.com, ns64.domaincontrol.com",13.248.243.5,mailstore1.secureserver.net,No
2025-10-22,eff.org,seff.org,insertion,30,Clean (0) - https://urlscan.io/result/019a0f08-3a47-74da-b815-79bd2c6a53fa/,http_429,HTTPS: 200,1999-12-23,"2024-11-29, 2024-11-24",2025-12-23,REDACTED FOR PRIVACY,REDACTED FOR PRIVACY,"TUCOWS DOMAINS, INC.","domainabuse@tucows.com, registry@beebyte.se",SE,"['ok https://icann.org/epp#ok', 'serverTransferProhibited https://icann.org/epp#serverTransferProhibited']","ns1.beebyte.net, ns2.beebyte.net, ns3.beebyte.net",185.133.207.39,mail2-in.beebyte.se,No
2025-10-22,eff.org,edff.org,insertion,30,Clean (0) - https://urlscan.io/result/019a0ee0-bb49-73d9-8f98-ce29b960db8f/,timeout,HTTPS: 200,2024-04-16,2024-09-05,2027-04-16,,,"GoDaddy.com, LLC",abuse@godaddy.com,,"['clientDeleteProhibited https://icann.org/epp#clientDeleteProhibited', 'clientRenewProhibited https://icann.org/epp#clientRenewProhibited', 'clientTransferProhibited https://icann.org/epp#clientTransferProhibited', 'clientUpdateProhibited https://icann.org/epp#clientUpdateProhibited']","ns75.domaincontrol.com, ns76.domaincontrol.com",185.230.63.107,alt1.aspmx.l.google.com,No
2025-10-22,eff.org,eftf.org,insertion,30,Clean (0) - https://urlscan.io/result/019a0ee0-b9d9-77de-83a4-b91ba67b7175/,http_429,HTTPS: 200,2001-04-18,2025-06-02,2026-04-18,,,"COREhub, S.R.L.",abuse@corehub.net,,ok https://icann.org/epp#ok,"dns-1.dfn.de, dns-2.dfn.de, dns-3.dfn.de, ns1.ptb.de",192.53.103.121,mx1.berlin.ptb.de,No
2025-10-22,eff.org,deff.org,insertion,30,Clean (0) - https://urlscan.io/result/019a0ee0-bca6-7444-883c-6b62c6c6ded9/,http_429,HTTP: 403,"2010-12-20, 2010-12-20","2025-02-03, 2025-02-04","2025-12-20, 2025-12-20",This Domain For Sale Worldwide 3392225132,BuyDomains.com,"AZDOMAINZ.COM, LLC","abuse@azdomainz.com, brokerage@buydomains.com",US,"['ok https://icann.org/epp#ok', 'ok  http://www.icann.org/epp#ok']","ns.buydomains.com, this-domain-for-sale.com",207.148.248.143,,No
2025-10-22,eff.org,efrf.org,insertion,30,Clean (0) - https://urlscan.io/result/019a0ee1-8a79-7700-b87e-dbc038635bfc/,http_429,HTTPS: 200,2012-08-24,2025-10-08,2026-08-24,,,"GoDaddy.com, LLC",abuse@godaddy.com,,"['clientDeleteProhibited https://icann.org/epp#clientDeleteProhibited', 'clientRenewProhibited https://icann.org/epp#clientRenewProhibited', 'clientTransferProhibited https://icann.org/epp#clientTransferProhibited', 'clientUpdateProhibited https://icann.org/epp#clientUpdateProhibited']","ns1.sedoparking.com, ns2.sedoparking.com",64.190.63.222,localhost,No
2025-10-22,eff.org,efdf.org,insertion,30,Clean (0) - https://urlscan.io/result/019a0ee1-8849-706c-922f-17855f30ae54/,http_429,HTTPS: 200,2000-09-04,2025-10-19,2026-09-04,,,RegistryGate GmbH,abuse@registrygate.com,,clientTransferProhibited https://icann.org/epp#clientTransferProhibited,"ns5.kasserver.com, ns6.kasserver.com",85.13.146.87,w0066a93.kasserver.com,No
2025-10-22,eff.org,ef.org,omission,30,Clean (0) - https://urlscan.io/result/019a0ee1-8b07-752c-820d-d21eee477605/,http_429,HTTPS: 403,1994-08-16,2025-08-05,2026-08-15,,,easyDNS Technologies Inc.,abuse@easydns.com,,"['clientTransferProhibited https://icann.org/epp#clientTransferProhibited', 'clientUpdateProhibited https://icann.org/epp#clientUpdateProhibited']","ns3.easydns.org, ns1.easydns.com, ns2.easydns.com, ns6.easydns.net, remote2.easydns.com, remote1.easydns.com",104.198.104.86,d161249a.ess.barracudanetworks.com,No
2025-10-22,eff.org,eeff.org,repetition,30,Clean (0) - https://urlscan.io/result/019a0ee1-8a43-7335-bd8c-4d9c120e53df/,http_429,HTTP: 403,"2010-04-19, 2010-04-19","2025-06-03, 2025-06-04","2026-04-19, 2026-04-19",This Domain For Sale Worldwide 3392225132,BuyDomains.com,"AZDOMAINZ.COM, LLC","abuse@azdomainz.com, brokerage@buydomains.com",US,"['ok https://icann.org/epp#ok', 'ok  http://www.icann.org/epp#ok']","ns.buydomains.com, this-domain-for-sale.com",207.148.248.143,,No
2025-10-22,eff.org,ecf.org,replacement,30,Clean (0) - https://urlscan.io/result/019a0ee1-8b0e-7355-9530-542b8cb0bd30/,http_429,HTTPS: 200,2001-10-24,2024-12-08,2025-10-24,,,"GoDaddy.com, LLC",abuse@godaddy.com,,"['clientDeleteProhibited https://icann.org/epp#clientDeleteProhibited', 'clientRenewProhibited https://icann.org/epp#clientRenewProhibited', 'clientTransferProhibited https://icann.org/epp#clientTransferProhibited', 'clientUpdateProhibited https://icann.org/epp#clientUpdateProhibited']","carol.ns.cloudflare.com, dante.ns.cloudflare.com",104.21.29.129,ecf-org.mail.protection.outlook.com,No
2025-10-22,eff.org,rff.org,replacement,30,Clean (0) - https://urlscan.io/result/019a0ee1-8bcc-727c-ad7f-605ab4b43728/,http_429,HTTPS: 200,1994-04-22,"2024-02-28, 2025-10-21",2029-04-23,"PERFECT PRIVACY, LLC",,"Network Solutions, LLC","domain.operations@web.com, xb4zk57j3q5@networksolutionsprivateregistration.com",US,clientTransferProhibited https://icann.org/epp#clientTransferProhibited,"brianna.ns.cloudflare.com, lynn.ns.cloudflare.com",104.26.0.47,rff-org.mail.protection.outlook.com,No
2025-10-22,eff.org,efc.org,replacement,30,Clean (0) - https://urlscan.io/result/019a0ee2-53c0-715e-b25c-e6b3d473bb6b/,timeout,HTTPS: 403,1996-02-11,"2023-12-22, 2023-12-14",2029-02-12,"PERFECT PRIVACY, LLC",,"Network Solutions, LLC","domain.operations@web.com, zp9qy68737m@networksolutionsprivateregistration.com",US,clientTransferProhibited https://icann.org/epp#clientTransferProhibited,"ns7.worldnic.com, ns8.worldnic.com",141.193.213.20,efc-org.mail.protection.outlook.com,No
2025-10-22,eff.org,etf.org,replacement,30,Clean (0) - https://urlscan.io/result/019a0ee2-5649-716b-8698-c463be478254/,http_429,HTTP: 200,1995-10-03,"2025-08-10, 2025-08-05",2026-10-02,"PERFECT PRIVACY, LLC",,"Network Solutions, LLC","domain.operations@web.com, xg97j38t5rw@networksolutionsprivateregistration.com",US,clientTransferProhibited https://icann.org/epp#clientTransferProhibited,"ns19.worldnic.com, ns20.worldnic.com",209.17.116.163,etf-org.mail.protection.outlook.com,No
2025-10-22,eff.org,zff.org,replacement,30,Clean (0) - https://urlscan.io/result/019a0ee2-5328-767c-954b-2d2892991ffe/,http_429,HTTPS: 200,1998-05-11,2025-04-15,2026-05-10,,,"eNom, LLC",abuse@enom.com,,ok https://icann.org/epp#ok,"ns0.dnsmadeeasy.com, ns1.dnsmadeeasy.com, ns2.dnsmadeeasy.com, ns3.dnsmadeeasy.com, ns4.dnsmadeeasy.com",216.24.57.1,zff-org.mail.protection.outlook.com,No
2025-10-22,eff.org,efforg.com,various,30,Clean (0) - https://urlscan.io/result/019a0ee2-5675-7457-baaa-c8c283b60a07/,http_429,HTTPS: 200,"2010-07-23, 2010-07-22","2025-07-23, 2025-07-23","2026-07-23, 2026-07-22",Domain Admin,,"GoDaddy.com, LLC","abuse@godaddy.com, domain@holtwork.com",US,"['clientDeleteProhibited https://icann.org/epp#clientDeleteProhibited', 'clientRenewProhibited https://icann.org/epp#clientRenewProhibited', 'clientTransferProhibited https://icann.org/epp#clientTransferProhibited', 'clientUpdateProhibited https://icann.org/epp#clientUpdateProhibited']","ns67.domaincontrol.com, ns68.domaincontrol.com",15.197.225.128,mailstore1.secureserver.net,No
2025-10-22,eff.org,iff.org,vowel-swap,30,Clean (0) - https://urlscan.io/result/019a0ee2-555d-73bf-adc2-84e521945f1a/,http_429,HTTPS: 200,2001-11-14,2024-12-29,2026-11-14,,,"GoDaddy.com, LLC",abuse@godaddy.com,,"['clientDeleteProhibited https://icann.org/epp#clientDeleteProhibited', 'clientRenewProhibited https://icann.org/epp#clientRenewProhibited', 'clientTransferProhibited https://icann.org/epp#clientTransferProhibited', 'clientUpdateProhibited https://icann.org/epp#clientUpdateProhibited']","ns-1402.awsdns-47.org, ns-1939.awsdns-50.co.uk, ns-236.awsdns-29.com, ns-590.awsdns-09.net",199.16.172.59,iff-org.mail.protection.outlook.com,No
2025-10-22,eff.org,efff.org,addition,25,Clean (0) - https://urlscan.io/result/019a0ede-74f9-732f-8c14-3d675ca64ff9/,http_502,HTTPS: 200,2017-01-23,2025-03-09,2026-01-23,,,"GoDaddy.com, LLC",abuse@godaddy.com,,"['clientDeleteProhibited https://icann.org/epp#clientDeleteProhibited', 'clientRenewProhibited https://icann.org/epp#clientRenewProhibited', 'clientTransferProhibited https://icann.org/epp#clientTransferProhibited', 'clientUpdateProhibited https://icann.org/epp#clientUpdateProhibited']","ns3.afternic.com, ns4.afternic.com",13.248.169.48,,No
2025-10-22,eff.org,effb.org,addition,25,Clean (0) - https://urlscan.io/result/019a0ede-e912-74cc-a534-2e3227278d77/,http_429,HTTP: 403,2000-07-18,"2025-09-01, 2025-09-07",2026-07-18,REDACTED FOR PRIVACY,Europäischer Fachverband  für Blendschutz am Bildschirmarbeitsplatz e.V.,InterNetX GmbH,domain-abuse@internetx.com,DE,"['clientTransferProhibited https://icann.org/epp#clientTransferProhibited', 'clientTransferProhibited https://www.icann.org/epp#clientTransferProhibited']","ns0.cluster-team.net, ns1.cluster-team.net, ns2.cluster-team.net, ns3.cluster-team.net",185.157.21.91,mail.cluster-team.com,No
2025-10-22,eff.org,eff4.org,addition,25,Clean (0) - https://urlscan.io/result/019a0ede-e289-7346-a3b1-39c43c723c04/,http_429,HTTP: 200,2007-12-10,2025-07-24,2025-12-10,,,"Ascio Technologies, Inc. Danmark - Filial af Ascio technologies, Inc. USA",abuse@ascio.com,,ok https://icann.org/epp#ok,"ns.hostpoint.ch, ns2.hostpoint.ch, ns3.hostpoint.ch",217.26.48.101,mx1.mail.hostpoint.ch,No
2025-10-22,eff.org,effv.org,addition,25,Clean (0) - https://urlscan.io/result/019a0ede-715d-74bd-ae07-e05b821fa523/,http_429,HTTPS: 200,2025-07-11,2025-07-16,2026-07-11,,,"Cloudflare, Inc.",registrar-abuse@cloudflare.com,,clientTransferProhibited https://icann.org/epp#clientTransferProhibited,"desi.ns.cloudflare.com, merlin.ns.cloudflare.com",,mx01.mail.icloud.com,No
2025-10-22,eff.org,enf.org,bitsquatting,25,Clean (0) - https://urlscan.io/result/019a0edf-7dcf-70c5-b569-1a6f16ca4707/,http_429,HTTPS: 403,1998-01-09,2025-02-22,2026-01-08,,,"GoDaddy.com, LLC",abuse@godaddy.com,,"['clientDeleteProhibited https://icann.org/epp#clientDeleteProhibited', 'clientRenewProhibited https://icann.org/epp#clientRenewProhibited', 'clientTransferProhibited https://icann.org/epp#clientTransferProhibited', 'clientUpdateProhibited https://icann.org/epp#clientUpdateProhibited']","ns03.domaincontrol.com, ns04.domaincontrol.com",104.198.104.86,alt1.aspmx.l.google.com,No
2025-10-22,eff.org,egf.org,bitsquatting,25,Clean (0) - https://urlscan.io/result/019a0edf-7d30-7781-945b-4d2fcf0d128b/,http_429,HTTPS: 200,2001-01-25,2025-01-28,2026-01-25,,,"GoDaddy.com, LLC",abuse@godaddy.com,,"['clientDeleteProhibited https://icann.org/epp#clientDeleteProhibited', 'clientRenewProhibited https://icann.org/epp#clientRenewProhibited', 'clientTransferProhibited https://icann.org/epp#clientTransferProhibited', 'clientUpdateProhibited https://icann.org/epp#clientUpdateProhibited']","ns1.afternic.com, ns2.afternic.com",13.248.169.48,,No
2025-10-22,eff.org,dff.org,bitsquatting,25,Clean (0) - https://urlscan.io/result/019a0ee0-07a6-748c-a314-42eb1abebd19/,http_429,HTTPS: 200,2001-01-26,"2025-02-28, 2024-01-28",2034-01-26,"PERFECT PRIVACY, LLC",,"Network Solutions, LLC","domain.operations@web.com, pe74p6yn9ys@networksolutionsprivateregistration.com",US,clientTransferProhibited https://icann.org/epp#clientTransferProhibited,"dns1.zoneedit.com, dns2.zoneedit.com, dns3.zoneedit.com, ns7.worldnic.com, ns8.worldnic.com",199.59.243.228,,No
2025-10-22,eff.org,uff.org,bitsquatting,25,Clean (0) - https://urlscan.io/result/019a0edf-7e68-743f-8af4-5fc44d66fa39/,http_429,HTTPS: 200,2001-04-16,2025-04-08,2026-04-16,,,PDR Ltd. d/b/a PublicDomainRegistry.com,abuse@publicdomainregistry.com,,clientTransferProhibited https://icann.org/epp#clientTransferProhibited,"ns1.bodis.com, ns2.bodis.com",199.59.243.228,,No
2025-10-22,eff.org,efg.org,bitsquatting,25,Clean (0) - https://urlscan.io/result/019a0ee0-087b-76fe-add5-09949df058c2/,http_429,HTTP: 200,2003-04-25,2025-04-06,2026-04-25,,,Dynadot Inc,abuse@dynadot.com,,clientTransferProhibited https://icann.org/epp#clientTransferProhibited,"ns1.dyna-ns.net, ns2.dyna-ns.net",69.163.178.20,,No
2025-10-22,eff.org,e-ff.org,hyphenation,25,Clean (0) - https://urlscan.io/result/019a0ee0-0872-7693-82b1-2691d64303b2/,http_429,HTTPS: 403,2021-01-07,2025-09-26,2026-01-07,,,"Domain.com - Network Solutions, LLC",domain.operations@web.com,,clientTransferProhibited https://icann.org/epp#clientTransferProhibited,"ns1.domain.com, ns2.domain.com",66.96.162.149,mx.e-ff.org,No
2025-10-22,eff.org,ecff.org,insertion,25,Clean (0) - https://urlscan.io/result/019a0ee0-050e-768f-a9e6-7e90989160cf/,http_429,HTTPS: 200,2020-03-05,2025-04-19,2026-03-05,,,DropCatch.com 980 LLC,abuse@NameBright.com,,ok https://icann.org/epp#ok,"ns1.afternic.com, ns2.afternic.com",13.248.169.48,,No
2025-10-22,eff.org,efcf.org,insertion,25,,http_429,HTTPS: 200,2018-02-05,2025-02-25,2027-02-05,,,"GoDaddy.com, LLC",abuse@godaddy.com,,"['clientDeleteProhibited https://icann.org/epp#clientDeleteProhibited', 'clientRenewProhibited https://icann.org/epp#clientRenewProhibited', 'clientTransferProhibited https://icann.org/epp#clientTransferProhibited', 'clientUpdateProhibited https://icann.org/epp#clientUpdateProhibited']","ns5.afternic.com, ns6.afternic.com",13.248.169.48,,No
2025-10-22,eff.org,esff.org,insertion,25,Clean (0) - https://urlscan.io/result/019a0ee0-078e-72aa-9eae-f88de8b6b91c/,http_429,HTTPS: 200,2023-11-27,2025-07-06,2026-11-27,,,"GoDaddy.com, LLC",abuse@godaddy.com,,"['clientDeleteProhibited https://icann.org/epp#clientDeleteProhibited', 'clientRenewProhibited https://icann.org/epp#clientRenewProhibited', 'clientTransferProhibited https://icann.org/epp#clientTransferProhibited', 'clientUpdateProhibited https://icann.org/epp#clientUpdateProhibited']","ns3.afternic.com, ns4.afternic.com, verification-dbgjncnnzmfgmpuki3e6hz.ns101.verify.hn",13.248.169.48,,No
2025-10-22,eff.org,reff.org,insertion,25,Clean (0) - https://urlscan.io/result/019a0ee0-c719-76ca-9f5f-edcb09e26d42/,timeout,HTTPS: 200,2017-04-12,2025-03-29,2026-04-12,,,"Wild West Domains, LLC",abuse@wildwestdomains.com,,"['clientDeleteProhibited https://icann.org/epp#clientDeleteProhibited', 'clientRenewProhibited https://icann.org/epp#clientRenewProhibited', 'clientTransferProhibited https://icann.org/epp#clientTransferProhibited', 'clientUpdateProhibited https://icann.org/epp#clientUpdateProhibited']","ns1.afternic.com, ns2.afternic.com, verification-yqwlayzppiicikkzjkdghq.ns101.verify.hn",13.248.169.48,,No
2025-10-22,eff.org,weff.org,insertion,25,Clean (0) - https://urlscan.io/result/019a0ee0-c749-7344-8f60-44d8db00bbdf/,timeout,HTTPS: 200,2018-10-08,2024-11-23,2026-10-08,,,"GoDaddy.com, LLC",abuse@godaddy.com,,"['clientDeleteProhibited https://icann.org/epp#clientDeleteProhibited', 'clientRenewProhibited https://icann.org/epp#clientRenewProhibited', 'clientTransferProhibited https://icann.org/epp#clientTransferProhibited', 'clientUpdateProhibited https://icann.org/epp#clientUpdateProhibited']","ns5.afternic.com, ns6.afternic.com",13.248.169.48,,No
2025-10-22,eff.org,egff.org,insertion,25,Clean (0) - https://urlscan.io/result/019a0ee0-c59c-7212-b9bb-e07ce2b0a339/,http_429,HTTP: 200,2022-05-06,2025-07-25,2026-05-06,,,"Ascio Technologies, Inc. Danmark - Filial af Ascio technologies, Inc. USA",abuse@ascio.com,,ok https://icann.org/epp#ok,"ns01.one.com, ns02.one.com",46.30.211.38,mx1.pub.mailpod11-cph3.one.com,No
2025-10-22,eff.org,zeff.org,insertion,25,Clean (0) - https://urlscan.io/result/019a0ee0-c7d8-7484-8bfe-65f83ffbb4bc/,http_429,HTTPS: 200,2003-01-08,2025-01-11,2026-01-08,,,"DNC Holdings, Inc.",abuse@directnic.com,,"['clientDeleteProhibited https://icann.org/epp#clientDeleteProhibited', 'clientTransferProhibited https://icann.org/epp#clientTransferProhibited', 'clientUpdateProhibited https://icann.org/epp#clientUpdateProhibited']","ns0.directnic.com, ns1.directnic.com, ns2.directnic.com, ns3.directnic.com",58.96.84.113,mail.zeff.org,No
2025-10-22,eff.org,ff.org,omission,25,Clean (0) - https://urlscan.io/result/019a0ee1-8bc7-76fe-b799-9740f362b525/,http_429,HTTPS: 403,1996-05-18,2024-07-05,2027-05-19,,,"GoDaddy.com, LLC",abuse@godaddy.com,,"['clientDeleteProhibited https://icann.org/epp#clientDeleteProhibited', 'clientRenewProhibited https://icann.org/epp#clientRenewProhibited', 'clientTransferProhibited https://icann.org/epp#clientTransferProhibited', 'clientUpdateProhibited https://icann.org/epp#clientUpdateProhibited']","elsa.ns.cloudflare.com, simon.ns.cloudflare.com",104.26.14.69,ff-org.mail.protection.outlook.com,No
2025-10-22,eff.org,efr.org,replacement,25,Clean (0) - https://urlscan.io/result/019a0ee1-8b07-752c-820d-cc090aeea7d8/,http_429,HTTPS: 403,1996-07-09,"2025-07-06, 2025-07-01",2034-07-08,,,"Network Solutions, LLC","domain.operations@web.com, sbaily@EFR.ORG, itsupport@efr.org",US,clientTransferProhibited https://icann.org/epp#clientTransferProhibited,"kate.ns.cloudflare.com, mark.ns.cloudflare.com",104.26.12.189,mail.efr.org,No
2025-10-22,eff.org,sff.org,replacement,25,Clean (0) - https://urlscan.io/result/019a0ee2-58f8-71dd-9af3-116c6355624d/,http_429,HTTPS: 403,1995-05-28,2024-12-19,2027-05-27,,,"Network Solutions, LLC",domain.operations@web.com,,clientTransferProhibited https://icann.org/epp#clientTransferProhibited,"ns55.worldnic.com, ns56.worldnic.com",141.193.213.21,sff-org.mail.protection.outlook.com,No
2025-10-22,eff.org,4ff.org,replacement,25,Clean (0) - https://urlscan.io/result/019a0ee2-531c-731c-8d0f-e06dee9801c1/,timeout,HTTPS: 200,2014-09-11,2025-09-19,2026-09-11,,,"Name.com, Inc.",abuse@name.com,,"['clientTransferProhibited https://icann.org/epp#clientTransferProhibited', 'autoRenewPeriod https://icann.org/epp#autoRenewPeriod']","ns1.bodis.com, ns2.bodis.com",199.59.243.228,,No
2025-10-22,eff.org,eft.org,replacement,25,Clean (0) - https://urlscan.io/result/019a0ee2-574c-72d3-8f84-e42617a2c802/,http_429,HTTPS: 200,1998-03-14,2025-10-04,2026-03-13,,,Dynadot Inc,abuse@dynadot.com,,clientTransferProhibited https://icann.org/epp#clientTransferProhibited,"launch1.spaceship.net, launch2.spaceship.net",44.232.173.249,,No
2025-10-22,eff.org,effl.org,addition,10,Scan Failed: DNS Error - Could not resolve domain,http_429,,1999-07-21,2025-07-21,2027-07-21,,,"Network Solutions, LLC",domain.operations@web.com,,clientTransferProhibited https://icann.org/epp#clientTransferProhibited,"ns1.arabellek.com, ns2.arabellek.com",,,No
2025-10-22,eff.org,ewff.org,insertion,10,Clean (0) - https://urlscan.io/result/019a0ee0-bc88-7190-a2de-46a70a29419d/,http_429,,2008-08-05,2024-09-19,2026-08-05,,,"GoDaddy.com, LLC",abuse@godaddy.com,,"['clientDeleteProhibited https://icann.org/epp#clientDeleteProhibited', 'clientRenewProhibited https://icann.org/epp#clientRenewProhibited', 'clientTransferProhibited https://icann.org/epp#clientTransferProhibited', 'clientUpdateProhibited https://icann.org/epp#clientUpdateProhibited']","ns47.domaincontrol.com, ns48.domaincontrol.com",173.198.158.80,mailstore1.secureserver.net,No
2025-10-22,eff.org,etff.org,insertion,10,Clean (0) - https://urlscan.io/result/019a0ee1-904a-762e-a3f6-1b568ece4bff/,http_429,,"2016-12-10, 2016-12-10","2024-11-15, 2024-11-10","2025-12-10, 2025-12-10",Redacted for Privacy,Privacy service provided by Withheld for Privacy ehf,NAMECHEAP INC,"abuse@namecheap.com, 7e19de8a791047929391120a1b81eb08.protect@withheldforprivacy.com, doms@yashar.io",IS,clientTransferProhibited https://icann.org/epp#clientTransferProhibited,"ns1.arandomserver.com, ns2.arandomserver.com",85.239.53.148,etff.org,No
2025-10-22,eff.org,wff.org,replacement,10,Clean (0) - https://urlscan.io/result/019a0ee1-909b-76fa-8ed5-1ae1fcb55995/,http_429,,1997-11-04,2024-12-18,2025-11-03,,,"GoDaddy.com, LLC",abuse@godaddy.com,,"['clientDeleteProhibited https://icann.org/epp#clientDeleteProhibited', 'clientRenewProhibited https://icann.org/epp#clientRenewProhibited', 'clientTransferProhibited https://icann.org/epp#clientTransferProhibited', 'clientUpdateProhibited https://icann.org/epp#clientUpdateProhibited']","deborah.ns.cloudflare.com, john.ns.cloudflare.com",104.21.55.229,,No
2025-10-22,eff.org,erf.org,replacement,10,Clean (0) - https://urlscan.io/result/019a0ee2-56ec-73f1-9f3d-c6e197f8fae1/,http_429,,1997-01-17,2021-11-20,2027-01-18,,,"Network Solutions, LLC",domain.operations@web.com,,clientTransferProhibited https://icann.org/epp#clientTransferProhibited,"ns10.worldnic.com, ns9.worldnic.com",205.186.179.16,mx1.emailsrvr.com,No
2025-10-22,eff.org,fef.org,transposition,10,Clean (0) - https://urlscan.io/result/019a0ee2-56ec-73f1-9f3d-cbf77186ccda/,http_429,,1996-03-11,2025-03-01,2026-03-12,,,"DNC Holdings, Inc.",abuse@directnic.com,,"['clientDeleteProhibited https://icann.org/epp#clientDeleteProhibited', 'clientTransferProhibited https://icann.org/epp#clientTransferProhibited', 'clientUpdateProhibited https://icann.org/epp#clientUpdateProhibited']","ns0.directnic.com, ns1.directnic.com, ns2.directnic.com, ns3.directnic.com",198.17.44.149,fef-org.mail.protection.outlook.com,No
